-- MySQL dump 10.13  Distrib 5.6.11, for Win64 (x86_64)
--
-- Host: localhost    Database: mensajeria
-- ------------------------------------------------------
-- Server version	5.6.11

/*!40101 SET @OLD_CHARACTER_SET_CLIENT=@@CHARACTER_SET_CLIENT */;
/*!40101 SET @OLD_CHARACTER_SET_RESULTS=@@CHARACTER_SET_RESULTS */;
/*!40101 SET @OLD_COLLATION_CONNECTION=@@COLLATION_CONNECTION */;
/*!40101 SET NAMES utf8 */;
/*!40103 SET @OLD_TIME_ZONE=@@TIME_ZONE */;
/*!40103 SET TIME_ZONE='+00:00' */;
/*!40014 SET @OLD_UNIQUE_CHECKS=@@UNIQUE_CHECKS, UNIQUE_CHECKS=0 */;
/*!40014 SET @OLD_FOREIGN_KEY_CHECKS=@@FOREIGN_KEY_CHECKS, FOREIGN_KEY_CHECKS=0 */;
/*!40101 SET @OLD_SQL_MODE=@@SQL_MODE, SQL_MODE='NO_AUTO_VALUE_ON_ZERO' */;
/*!40111 SET @OLD_SQL_NOTES=@@SQL_NOTES, SQL_NOTES=0 */;

--
-- Table structure for table `historial`
--

DROP TABLE IF EXISTS `historial`;
/*!40101 SET @saved_cs_client     = @@character_set_client */;
/*!40101 SET character_set_client = utf8 */;
CREATE TABLE `historial` (
  `tipoConsulta` char(1) NOT NULL,
  `usuario` varchar(20) NOT NULL,
  `fecha` varchar(12) NOT NULL,
  PRIMARY KEY (`tipoConsulta`,`usuario`,`fecha`),
  KEY `usuario` (`usuario`),
  CONSTRAINT `historial_ibfk_1` FOREIGN KEY (`usuario`) REFERENCES `usuario` (`usuario`)
) ENGINE=InnoDB DEFAULT CHARSET=latin1;
/*!40101 SET character_set_client = @saved_cs_client */;

--
-- Dumping data for table `historial`
--

LOCK TABLES `historial` WRITE;
/*!40000 ALTER TABLE `historial` DISABLE KEYS */;
INSERT INTO `historial` VALUES ('I','Mag','201511081428'),('I','Mag','201511081429'),('I','Mag','201511081430'),('I','Mag','201511081431'),('I','Mag','201511081433'),('I','Pepe','201511081420');
/*!40000 ALTER TABLE `historial` ENABLE KEYS */;
UNLOCK TABLES;

--
-- Table structure for table `mensajes`
--

DROP TABLE IF EXISTS `mensajes`;
/*!40101 SET @saved_cs_client     = @@character_set_client */;
/*!40101 SET character_set_client = utf8 */;
CREATE TABLE `mensajes` (
  `idMensaje` int(11) NOT NULL,
  `texto` varchar(100) NOT NULL,
  `emisor` varchar(20) NOT NULL,
  `receptor` varchar(20) NOT NULL,
  `fecha` varchar(12) NOT NULL,
  PRIMARY KEY (`idMensaje`),
  KEY `emisor` (`emisor`),
  KEY `receptor` (`receptor`),
  CONSTRAINT `mensajes_ibfk_1` FOREIGN KEY (`emisor`) REFERENCES `usuario` (`usuario`),
  CONSTRAINT `mensajes_ibfk_2` FOREIGN KEY (`receptor`) REFERENCES `usuario` (`usuario`)
) ENGINE=InnoDB DEFAULT CHARSET=latin1;
/*!40101 SET character_set_client = @saved_cs_client */;

--
-- Dumping data for table `mensajes`
--

LOCK TABLES `mensajes` WRITE;
/*!40000 ALTER TABLE `mensajes` DISABLE KEYS */;
INSERT INTO `mensajes` VALUES (1,'Hola, que tal','Mag','Pepe','121220121212'),(2,'Bien, y tu?','Pepe','Mag','121220121213'),(3,'Todo bien','Mag','Pepe','121220121214');
/*!40000 ALTER TABLE `mensajes` ENABLE KEYS */;
UNLOCK TABLES;

--
-- Table structure for table `usuario`
--

DROP TABLE IF EXISTS `usuario`;
/*!40101 SET @saved_cs_client     = @@character_set_client */;
/*!40101 SET character_set_client = utf8 */;
CREATE TABLE `usuario` (
  `usuario` varchar(20) NOT NULL,
  `nombre` varchar(40) NOT NULL,
  `password` varchar(20) NOT NULL,
  PRIMARY KEY (`usuario`)
) ENGINE=InnoDB DEFAULT CHARSET=latin1;
/*!40101 SET character_set_client = @saved_cs_client */;

--
-- Dumping data for table `usuario`
--

LOCK TABLES `usuario` WRITE;
/*!40000 ALTER TABLE `usuario` DISABLE KEYS */;
INSERT INTO `usuario` VALUES ('Luis','Luis Filipe','pass3'),('Mag','Magali Boada','pass'),('Pepe','Pepe Gilberto','pass2'),('usuariog','Usuario generico','pswd');
/*!40000 ALTER TABLE `usuario` ENABLE KEYS */;
UNLOCK TABLES;
/*!40103 SET TIME_ZONE=@OLD_TIME_ZONE */;

/*!40101 SET SQL_MODE=@OLD_SQL_MODE */;
/*!40014 SET FOREIGN_KEY_CHECKS=@OLD_FOREIGN_KEY_CHECKS */;
/*!40014 SET UNIQUE_CHECKS=@OLD_UNIQUE_CHECKS */;
/*!40101 SET CHARACTER_SET_CLIENT=@OLD_CHARACTER_SET_CLIENT */;
/*!40101 SET CHARACTER_SET_RESULTS=@OLD_CHARACTER_SET_RESULTS */;
/*!40101 SET COLLATION_CONNECTION=@OLD_COLLATION_CONNECTION */;
/*!40111 SET SQL_NOTES=@OLD_SQL_NOTES */;

-- Dump completed on 2015-11-08 15:52:44
